product_id,description
B08BHN9PK5,"YUEDGE 5 Pairs Men's Moisture Control Cushioned Dry Fit Casual Athletic Crew Socks for Men (Blue, Size 9-12)"
B08R39MRDW,"DouBCQ Women's Palazzo Lounge Wide Leg Casual Flowy Pants(Flower Mix Blue, XL)"
B077KJHCJ4,Pastel by Vivienne Honey Vanilla Girls' Trapeze Dress with Easy Removable Label Large 9-10 Years Navy
B0811M2JG9,Mento Streamtail
B07SB2892S,RONNOX Women's 3-Pairs Bright Colored Calf Compression Tube Sleeves
B07NZ7V22C,"12pairs Egowz High Visibility Nylon Latex Foam Coated Work Gloves,Breathable Soft Wearproof Non-Slip Comfortable Safety Protective Gloves(S, Red)"
B01ISW76HQ,"Nemidor Women's Vintage 1950s Style Sleeved Plus Size Swing Dress (18W, Burgundy)"
B08T6KT3N8,YUNXI 3D grape Drop Earrings Cute Fruit Gold Dangle Earrings Charm Jewelry Gift Earrings for Women Girls (3D grape Drop Earrings(purple))
B08FMLXY1Z,LYCKYY Women's Tie Dye Sweatshirt Crewneck Long Sleeve Pullover Tops with Pockets
B07DXHY5ZX,PattyBoutik Women Crewneck Eyelet Cold Shoulder Sweater (Grayish Violet Small)
B07NP3HB46,"Toneka Men's Braided Elastic Stretch Belt with Croc Print End Tabs, 40, Navy"
B07G854X4J,Sexyshine Women's Casual Fall Knit Long Sleeve Tassels Irregular Loose Cardigan Pullover Striped Sweater Poncho
B01IY48X8E,2 Pcs Oval Cabochon CAB Flatback Semi-precious Gemstone Ring Face 25x18mm (Zebra jasper)
B07GNGFG41,XYD Women Chic Low Kitten Heels Ankle Boots Pointed Cap Toe Side Zip Up Dress Bootie Shoes Size 10 Gold
B09JWFFCF9,BUSCBEAR Women's Plus Size Push Up Bras Underwire Comfort Lace Bra with Back Support Large Breasts Black
B01CNSS60M,"Timberland CA1624 Mens Brooklyn Park Chukka Boots, Potting Soil, 7.5 W US"
B079TR86T5,emoji Boys' Sun & Palm Trees Swim Shorts Black Size 10
B089Q52C3Z,AEONSLOVE I Love You Necklace 100 Languages Projection 925 Sterling Silver Infinity Heart Pendant Love Necklaces Jewellery for Girlfriend Women Wife Girls Birthday Anniversary Romantic Gifts for Her
B0735L4WTB,"Boys Girls High Top Light Up Shoes Kids Comfortable Fashion Sneakers With LED Lights Grow Up Sole Bottom, Gold"
B075HCFCH9,Zeagoo Women's Fashion Soft Open Front Lightweight Cotton Long Sweater Cardigan Navy Blue XXL
B075L533CQ,IVNIS Women's Long Mother of Bride Dress Scoop Neck Formal Bridesmaids Dresses Beaded Wedding Dress Black
B01AUYK33Y,"Stainless Steel Bracelet Grooved Cuff Bangle for Medium & Large Wrists, Gold Tone"
B074C8GVHJ,ACEVOG Women Floral Printed Button Down V Neck Cap Sleeve Calf Length Summer Flare Midi Shirt Dress
B01JYLD372,"Chichitop Elegant Rhinestones Hard Clutch Pearl Evening Bag with Zip Compartments,Silver"
B07NKSSM2M,YIBOCK Women's Summer Short Sleeve V Neck Button Ruffle Swing Mini Dress Black
B01F6XF2NU,ESPIRO Premium Mirrored Aviator Sunglasses For Men Women Flash Mirror Lens UV400 Protection
B077JWX1MX,ELEOSL Women Ladies Sleeveless Fit and Flare Rhinestone Swing Dresses Blue_S
B07SZ943WD,Cadtealir Highlight Stainless steel metal tab lock bucle inlaid with 18k golden chip with full grain nappa leather strap car key chain lanyard clips ring for nissan for men woman accessories
B072LW22Q2,"Memory baby Women's Strappy Banded Printed Tankini Top with Triangle Briefs Swimsuit(Pink,Small)"
B01N3JJUBT,Marc By Marc Jacobs Core Pretty Medium Tate Shoulder Bag (Amethyst)
B07XX4DH3F,"WOCCI Silicone Watch Band 22mm, Soft Rubber Replacement Straps with Quick Release (Purple with Black Buckle)"
B07QHRH243,JXG Women Classic Linen Casual African Dashiki Print Baggy Wide Leg Pants Purple US 3XL
B01GK1C79O,"ACEVOG Women's Retro Floral Lace Cap Sleeve Vintage Swing Bridesmaid Dress, Pink, Small"
B009E2O6KA,Result Core Men's Soft Shell II Gilet Red 3XL
B0B8M6KG1Q,"Halloween Before Christmas Watch Band Compatible with Apple Watch Bands 38mm 40mm 41mm for Women Men , Xmas Holiday Valentine Couple Adjustable Soft Silicone Strap Replacement for iWatch Series 7 6 5 4 3 2 1"
B07G58XFB7,VOGEM Womens Pearl Clip Earrings 18K Platinum Plated Crystal with Grey Silver Dangle Pearls Evening Prom Jewelry
B074BZTXF2,Wood and Resin Pendant Necklace Handmade Blue Rectangle Necklaces
B01GNVW8MC,Hugo Boss Mens Onyx Analog Casual Quartz Watch (Imported) 1513366
B09287TRXJ,SheIn Women's Crisscross Halter Cami Crop Top Sleeveless Strappy Solid Camisole Camel X-Small
B08TWC3WKW,"akimoom Scrunchie Watch Band for Galaxy 46mm/Gear S3 Frontier/Classic, 22mm Floral Replacement Strap Compatible for Asus/Fossil Gen 5/Men's/Women Gen 4"
B073R7BXXT,Silvershake Natural Moonstone White Gold Plated 925 Sterling Silver Ribbon Ring Size 11
B01M1BFCCP,"HOYISOX Diamond Print 20-30 mmHg Running and Sports Compression Socks for Men & Women, Recovery Fast (X-Large, Purple diamond)"
B08K3Y5XD7,Teach Love Inspire Reuse Cotton Women Man Gifts Fashion Face Mask Comfortable Novelty Print Design Washable Happy Teacher Day for School Outdoor (5PC + 5Filter)
B0711VZG7W,Women 2pc Gold belts Silver Skinny Belt Elastic Chain Wedding Belt Mirror Metal Waistband
B00ZHT84KC,Elviros Mens Eco-friendly Handmade Plaid Cashmere Wool Slim Tie 2.4'' ( 6cm ) Tartan B
B08F7DNKB2,Tipsy Elves’ Women’s Daredevil Costume - Red White and Blue Stunt Performer Halloween Jumpsuit
B008L1J7YU,All American Rejects Bo Peep Juniors T-Shirt-large
B083Q722XR,Ring Punk Goth Metal Spike Studded Black Leather Woman Collar Necklace Studded Chokers Decorations
B072MDJ9N2,"Multi Focus Progressive Reading Glasses 3 Powers in 1 Reader Rectangle Half Rim (bronze, 2)"
B07T6BL9J1,Michael Kors Jet Set Travel Large Top Zip Wristlet - Signature Monogram (Beige/Ebony)
B01L0FA6BQ,"14 Gauge(1.6mm) Stainless Steel Straight Piercing Barbell w/Internally Threaded Ball Ends (14G 9/16"")"
B01LT44OTI,Strap Compatible for Watch Series SE/7/6/5/4/3/2/1 41mm/38mm/40mm - ENDIY Designer Leather Fashionable Band Replacement for Color Fluid
B07GZMQDM9,Claire's Girl's Mermaid Face Gems
B08H1Y77B2,Amikadom Christmas Women Dress
B01MSIEAE8,"Flux Polarized Sports Sunglasses with Anti-Slip Function and Light Frame - for Men and Women when Driving, Running, Baseball, Golf, Casual Sports and Activities: PT003"
B089QN5VWB,ZESICA Women's Long Sleeve Crew Neck Camouflage Printed Knit Casual Loose Pullover Sweater Jumper Tops
B07SMN5Z79,Halloween Mask Spider Man Cosplay Costumes Lycra Mask Superhero Lenses (Black)
B08JTZ598Q,Biucly Women's Casual Tie Dye Striped Hoodies Sweatshirts Oversized Long Sleeve Drawstring Fall Winter Clothes Hooded Pullover Tops Hoodie Sweatshirt For Teen Girls Women Green Large
B072VJZ3YX,MIRITY Women Racerback Sports Bras - Medium Impact Workout Gym Activewear Bra Color Black Grey Size 2XL
B001JJBSSO,Rockport Women's Kalimi Slide
B072JSRDQ9,"FanShou Women Floral Print One Piece Swimdress Flowy Halter Skirted Swimsuit (Large, Multicolor)"
B0141SIMCY,Giselle Oversized Cat Eye Women's Fashion Designer Sunglasses
B00TEYS7L2,Tibetan Silver Beads Om Mani Padme Hum Mantra Bracelet March Faux Birth Stone & Elephant Charms(H20)
B07ZWS2VHP,"Kate Kasin Women Roll Up Sleeve Casual Tunic Mini Plaid T Shirt Dresses Red&Navy, M"
B085GKZDMC,"Outerstuff Enrique Hernandez Los Angeles Dodgers MLB Boys Youth 8-20 Player Jersey (White Home, Youth Medium 10-12)"
B09DGDVKVN,"Outer Banks Merch -Outer Banks Stickers,Outer Banks Bracelet, Outer Banks Button Pins,Outer Banks Face Mask,Outer Banks Keychain (Outer Banks Set)"
B097BT6TKW,Koup Women's Cinnamon Anti-Odor Tech Lightweight Quick-Dry T-Shirt Outdoor Hiking Running
B0B31Z29G3,Pierced Owl - 14GA 316L Surgical Steel Burnished Silver Tree of Life Industrial Barbell with Leaf Ends
B00KH9KXCY,Valentino Womens Women's Square 53Mm Optical Frames
B07566F8YW,Dokotoo Womens Fall Winter Ladies Casual Long Sleeve Crewneck Stripes Color Block Tunic Blouse Tops And Shirts Under 20 Yellow Medium
B00HU06I18,Haurex Italy Virgo Womens Quartz
B09BZ7HJ3V,"Corfrute Women Workout Sets Seamless Ribbed Crop Sport Bra Two Piece High Waist Yoga Leggging Outfits (Wine Red01, S)"
B07S9RB11T,Elise Bloom Women’s Boho Floral Prints Beach Sling Dress Long Dress Stripe Medium
B07TYPD27P,GUBERRY Teens V Neck Dress Velvet Strap Sleeveless Mini Party Skater Short Dress Wine
B00P6856G4,"EGALAXY Baby Girls Faux Fur Leopard Hoodies Coat Kids Winter Warm Jacket Snowsuit (3-4T, Leopard)"
B073X1ZTRH,Sterling Silver 925 Bracelet with Genuine Turquoise (Teal/Matrix Turquoise)
B08HW36L27,Jsix Women's Genuine Mink Coat with Real Fox Fur Collar Jacket Warm Thick Outerwear (Medium) Black
B08HCNNFF8,IOJBKI womens Slim
B06Y5W9CWR,"Huiyuzhi Womens Sleeveless Racerback Floral Print Casual Long Maxi Dresses,Black,XLarge"
B075LLJQZY,Gypsy Jewels 4 Row Layered Bib Bubble Statement Silver Tone Necklace & Earrings Set
B075VNYJ5G,"Women's Letters Printed T Shirt Long Sleeves Faith Over Fear Arrow Tee Tops (XL, Red1)"
B0177AXUWU,King Ma Womens Comfort Warm Belt Buckle Suede Short Boots
B07H4KMZKT,Aliex Women's Tunic Top Long Sleeve Casual Floral T-Shirt with Pocket Grey XXL
B079NZ8XCN,"Kreedom ""Calibrate"" Polarized Sunglasses, Gloss Black Frame with Vintage Grey Lens"
B08QN15RKP,GRACE KARIN 40s Retro Summer Party Dress with Belt Knee Length Wedding Swing Dress Black XL
B07DN4CC53,Youxiua Womens Casual T-Shirt Dress Deep V Neck Sleeveless Loose Summer Mini Dress with Pockets
B012DP5XEW,The North Face Venture Jacket Mens TNF Red XL
B094J8QF8Z,"MSBASIC Floral Summer Dresses Short Sleeve A Line Dress for Women Knee Length(Daisy,M)"
B08DMGJHV3,4BetterLife LED Light Up Beanie Hat with 3 Modes Colorful Lights Winter Warm Christmas Reindeer Embroidered Knit Beanie Cap
B07H81XNM7,Scubadonkey Wetsuit Jacket & Pants for Women 2mm Neoprene
B07RKNWY98,Womens Short Sleeve Flare Tunic Tops Loose Fit Print Summer Tunic Shirt
B07Q86S5MV,ADOME Women's Adjustable Waist Half Slip Short Underskirt Lace Hem Lingerie White L
B01KYYYXL8,"DoerDo Silicone Wedding Ring for Women, Durable Rubber Sport Band for Active Style - 6 Rings Pack(Green, Pink, Purple, Black Glitter, Blue Glitter, Transparent Glitter) (8 (18.2mm, 57.17mm))"
B07MZB3PH3,Original Vintage Czech Army Field Jacket M85 Olive Green Military Surplus Issue New
B07Q576Z4M,Allegrace Women Plus Size Henley V Neck Button Down Blouse Summer Casual Flowy Pleated Tops Shirts Red 3X
B00R54D6WS,Personalized Name Captain T-Shirt Large Ash
B08FPBZ73T,Lady Gaga Official Jazz Piano 2019 T-Shirt Black
B071S415N5,Doublju Midi Dress Party Flare Tank Skater Dress for Women with Plus Size Mauve 2XL
B00XPZ5QXS,Two Year Warranty Ladies Gold Overlay with Light Blue Evil Eye 18 Inch Necklace (T-1317)
B07QCKTNFQ,Alchemy Gothic England - Metallica: Justice for All Pin Badge
B07MBLZZH8,Relipop Women's Summer Playsuit Spaghetti Strap Floral Print Short Jumpsuit Romper
B07HRTNRC5,NIKE Dri Fit Sleeveless Stripe OLC Golf Polo 2019 Women Lilac Mist Medium
B084L221H7,"Under Armour Stretch Woven Short - Men's Gravity Green/Gravity Green, XL"
B079J6WGYY,Volkswagen White Crying Bus T-Shirt (Medium)
B01G1PCBG8,Milumia Women's Boho Embroidered V Neck Vintage 3/7 Sleeve Short Dress Multicolor Large
B07F8Q5SL4,iEFiEL Kids Big Girls Long Maxi Liturgical Praise Dance Circle Skirt Dress for Performance Celebration of Spirit White 8
B07HM3692D,FRAAS Autumn Bloom Floral Oversized Cashmink Woven Scarf for Women - Made in Germany - Fashion Accessory for transition into Fall Winter - Mid Grey
B0B42FVLSH,Boomtrader Women ST4 Costume Cheerleader Uniform Cosplay Hawkins High School Outfit Suit Halloween Party Dress Up
B00KVN3JKY,AmeriMark Knit Lounger
B07Q4MD65Y,"HIKA Women's 3/4 Sleeve Plaid Work Business One-Piece Knee Length Pencil Dress (709-7, X-Large)"
B09DP9GSW9,Shanfetl Women Sweaters Long Sleeve V Neck Solid Casual Knitted Pullover Tops White
B07PZLW1T3,SOJOS Vintage Fashion Sunglasses for Women Men Plastic Frame Flat Lens SJ2073 with Black Frame/Grey Lens
B015WXZSZ6,Bandolino Women's BERTA Platform Pump
B00PZ62LEC,"CafePress Your Very Own Angel Wings License Plate Frame Chrome License Plate Frame, License Tag Holder"
B07636S6JV,Ladies' Code Fur Lined Sherpa Zip Up Military Utilty Long Coat Jacket w/Detachable Hood Black M Size
B07NQNP52S,Patricia Locke Waterlily Green Teardrop Soliloquy Swarovski Crystal Goldtone Hook Earrings
B06Y39X9J1,Funky Junque H-205-409 Messy Bun High Ponytail Baseball Cap Trucker Hat Solid Ponycap - White
B08N6QZBNZ,Laredo Tress White Braided 7 B (M)
B08DKMGMRB,"FIMILU Oversized Polarized Sunglasses for Women, UV 400 Protection-Lens Acetate Sun Glasses for Driving/Shopping/Golfing"
B0832NVF5M,"Crocs Kids' Classic Tie Dye Lined Clog | Kids' Slippers, Electric Pink/Multi, 12 Little Kid"
B01EVRBEIO,"Maidenform Ladies Tummy Toning Briefs 3-Pack 2XL, Latte Lift, Strawberry Ice, Navy"
B08YCY74YT,Acelitt Womens Casual Pants Capris Drawstring Elastic Waist Comfy Trousers with Pockets Gray X-Large
B07L8JCJWG,"Calvin Klein Jeans Ladies' Slim Boyfriend Jean (12, Inkwell Blue)"
B01I9KKA8Y,DJT Women's Long Sleeve Lace Hem Hankerchief Tunic Shirts Large Apricot
B01HY12ZI2,"Lookatool Women's High Waist Fitness Yoga Sport Pants (S, Multicolor 15)"
B07TD31VM3,"Allbingo Thin Bands Compatible with Apple Watch Band 38mm 40mm 42mm 44mm, 2019 Series 5 Feminine Women Narrow Slim Silicone Replacement Wristbands for iWatch Series 4/3/2/1"
B0922HPSJD,"Man's Boxer Brief, Lighthouse and Airplane Soft Panty with Elastic Waistband Sport Performance Underwear (Lighthouse and Ship Anchor, m)"
B076H9G58T,RACHEL Rachel Roy Womens Plus Cold Shoulder Fit & Flare Casual Dress Pink 18W
B00D4C1D7U,Gold Overlay with Navy Blue Mini Evil Eye Style 9.5 Inch Anklet (T-321)
B06XPRXJ1S,Womens Evening Clutch Bags Wedding Purse Bridal Prom Handbag Party Bag for Dance Bar
B00VFI0H5O,H2H Mens Polo Shirt Classic Causal Business Slim Fit Cotton T Shirts Wine US 3XL/Asia 6XL (JDSK36)
B082F9ZZBM,"Zeronic High Waist Yoga Pants for Women with Pockets Tummy Control Workout Leggings for Women 4 Way Stretch Yoga Leggings(Purpleblack, Large)"
B01CZSC1DI,"chouyatou Women's One Piece Printed Mesh Beach Swim Dress Bow-Knot (Medium, Dark Blue)"
B087RKSMF4,"LOKIDVE Music Note Drawstring Backpack for Women Men, Protable Lightweight Waterproof Sport Gym Bags"
B07DQH92GR,2Pcs Surgical Steel 16 Gauge 1/2 12mm Horseshoe Barbell Piercing Jewelry Eyebrow Nose Septum Cartilage Lip 3mm Ball M0572
B07QL59SXQ,"Hendevl 100G Mixed Antiqued Charms Clock Face Charm Pendant for DIY Crafts, Gears, Jewelry Making, Steampunk Pendants"
B08P1LH326,MIROL 7/8 Joggers Sweatpants for Women Drawstring Elastic Waist Loose Fit Athletic Workout Track Pants with Pockets Black
B091C9Q22F,"Apple Watch Band, Nylon Solo Loop iWatch Band 38mm 40mm 42mm 44mm, Adjustable Stretch Nylon Strap for Apple Watch Series SE 6 5 4 3 2 1, 3 Pack Elastic Smartwatch Wristband Apple Watch Bands Men Women"
B07NZ4LKR1,HIKA Women's Long Sleeve Plaid Work Business One-Piece Knee Length Pencil Dress Large 708-2
B01D4BUWZO,Thirty One Zipper Pouch in First Mate - No Monogram - 3045
B0817XZ9KK,"Infant Christmas Outfit Baby Girl Red Plaid Ruffle Romper Bodysuit Christmas Long Sleeve Clothe Sets (Red Plaid Dress longh Sleeve, 2-3y)"
B071QWW7WW,Gloria Vanderbilt Women's Lillie Skimmer Capri; color: Aqua Sky; size: 16
B0963B8861,Tankaneo Womens Half Sleeve Raglan T Shirts V Neck Casual Summer Tops Solid Color Blouse Curved Hem Basic Tee Shirts Gray
B01MT6CY9G,"Yucharmyi Women's Summer Sleeveless Back Open Casual Tank Tops Sexy and Fashion Knit Sleeveless Shirts Juniors Top (Blue, M)"
B00KY8RZR4,"Coobie Comfort Bra - Lace Trim, 9060 (Medium, Turquoise)"
B084TH63HS,"Genuine Multistone Stud Earrings, 925 Sterling Silver, Native American USA Handmade, Nickel Free, Multicolor"
B06XR526K7,MICHAEL KORS Ladies Watch MK6351
B00BQ4DG7S,Portugal Cristiano Ronaldo Picture Dog Tag Metal Necklace with 14 Inch Chain New
B08CWZW4KM,"Light Up Women's Christmas Sweater, 3D Gingerbread Man Cat Ugly Sweater Knit New Year Eve Holiday Funny Sweatshirt"
B082375BZR,Verdusa Women's Short Sleeve Loose Long Maxi Lounge Dress with Pockets Mustard Yellow L
B0189HENF8,"Nike Kids Free Rn GS, GAME ROYAL/BLACK-WHITE, Youth Size 5.5"
B014LF1DPA,Hell Bunny Plus Skull Love Dia De Los Muertos Sugar Skull & Flower Fancy Top Red (2XL)
B0000Z80VQ,Fossil Arkitekt Mens Watch FS2990
B0815WM1QW,QYQ Womens Printed Leggings with Pockets High Waisted Yoga Pants for Women Workout Leggings Running Tights
B016MENWAM,ThinkBest Men's Baggy Hiphop Dance Jogger Sport Sweat Pants Trousers Navy US M
B08KRPCHTL,Genhoo Womens Cute Pajama Set Long Sleeve Sleepwear Scoop Neck Sheep Print Pjs Sets with Pockets Grey Sheep X-Large
B074KJFGXT,Gravity Defyer Proven Pain Relief Women's G-Defy Ion Athletic Shoes for Knee Pain
B089413DNT,Forest Animals Birds And Trees Cute Chef Aprons for women and Men Water Resistant with Adjustable Neck Extra Long Ties for Kitchen Cooking Bib Grilling BBQ Baking Drawing Crafting waiter
B073V2G5L4,WUSUANED Mother of The Bride Gift Today a Bride Tomorrow a Wife Forever Your Daughter Cuff Bangle Bracelet (Rose Gold Daughter)
B07HL21F2K,H HOWE GILL Women's Off The Shoulder Jumpsuits Casual Elastci Waist Floral Print Summer Long Pants Trousers Elegant Dark Blue
B01ASVZGV8,Jescakoo Cool Colorful Skull Print Sleeveless Ladies Tank Tops T-shirt
B07G4GYK68,Womens Casual T Shirt Dress 3/4 Sleeve Floral Loose Shift Dress Tunic Sundress 2X-Large Black Beige
B01M4LBX6O,Michael Kors Womens Hat MK Circle Logo Dazzling Knit Beanie Black Grey
B0793MSNNP,"Closecret Women Comfort Cotton Underwear Classic Full Coverage Breathable Briefs Panties Underpants Multipack (M, 6 Colors)"
B0178IKH40,MagBelt - Medium - Black Belt/Black Buckle
B00B3L3HPU,Allmygold Long Stem Dipped 24K Gold Trim Genuine Green Rose in Gold Gift Box
B01M1DRKM4,"Neil Allyn Slim Fit Tuxedo Shirt, Cummerbund, Bow Tie & Cufflinks - XLarge 36/37 Sleeve"
B07HK3SF6P,"Kehen 2pcs Kids Autumn Outfits Set Stripes Long Sleeve Cotton Hoodies Tops + Elastic Long Pants (#2 Green, 3T)"
B01C7UW6QQ,BIADANI Women Open Front Lightweight Cardigan Eggplant X-Large
B0B93FLHQQ,Nfsion Womens Casual Turtleneck Oversized Tunic Fall Sweaters Long Batwing Sleeve Spilt Hem Pullover Sweater Tops Small White
B08KZZFR9Z,KEYCHIN TV Show Inspired Gift Moira Fans Keychain TV Sitcom Comedy Gift(You Just Fold It In keychain)
B07DJ2XG61,Queensun Mesh Beach Bag with Insulated Picnic Cooler Waterproof Tote Bags for Travel Organizer-Large Capacity by
B0198MZQ6S,MSBASIC Womens Basic Sleeveless Short Fitness Cami Crop Tank Top Medium White
B09NPJH2V2,BeeGreen Animals Green Swan Reusable Grocery Bags Sets 5 Foldable with Attach Pocket Ripstop Nylon 13.39×8.27×1.57 Inch XLarge 50LBS Kitchen Shopping Bags Bulk Machine Washable Durable Waterproof
B09167DC63,YANPENG Cute French Bulldog Key Pendant School Bag Handbag Car Keychain Pendant
B074PBMW2W,"Anbech Women Big Kangaroo Pouch Hoodie Long Sleeve Pet Cat Dog Holder Carrier Sweatshirt S-4XL (Black, L)"
B085RWG6J5,CRGATV Reading Glasses 4 Pairs Stylish Ladies Readers Spring Hinge Fashionable Quality Glasses for Women
B072N752VZ,Women's Lace Slim Sleeveless Short Mini Flare Dress White
B01EDHS1CO,Swim Solutions Womens Contrast Trim Two Tone One-Piece Swimsuit B/W 12
B095CMV7LB,"Uttse Women’S Round Toe Lase-up Ankle Boots Ladies Leather Combat Booties Fashion Boots(10 BM=Size 42,Black)"
B01N1LZQ0E,"Tribear Women's Turtleneck Long Sleeve Slim Fit Knitted Sweater Dress (Large, Blue)"
B08H1ZC1XT,"PENKEY Stretchy Band Compatible with Apple Watch Elastic Band 42mm 44mm Cute Pattern Soft Nylon Strap Replacement Wristband for iWatch Series 5/4/3/2/1 (Dog paw, 42mm/44mm Small Size)"
B08C4WM96W,pureborn Baby Boy Girl Fleece Booties Warm Winter Ivory Bear 6-12 Months
B01FW0K79G,RichBest Fashion Summer Jewelry Accessories Brooch For Girl Vintage Lovely Dragonfly Crystal Scarf Lapel Pin Brooches For Women
B09Q8BTM6H,Santuzza Mother and Child Pendant 925 Sterling Silver Multi Gemstone Baby Mum Round Pendant for Women
B01D99TYSM,Women's Blue Floral Dance Skirt (Pet/Sm)
B07Z17LCF3,"ZDZDY Women's Casual Long Sleeve Oversized Sweatshirts Fall Round Neck Floral Print Tunic Tops Shirts(XL,Wine Red)"
B07R1P5Z4J,CHARMING TAILOR Foldover Clutch Purse for Women Tassel Bag PU Leather Purse for Party (Metallic Wine)
B093WB617X,"Women's Summer Boho Dresses Casual V Neck Button Up Flowy Above Knee Dresses Yellow,XL"
B08RYQCB3F,Renaissance Dresses for Women Medieval Costume Irish Long Over Dress Victorian Vintage Halloween Olive Green XL
B09SKXKTY7,Fapreit Sports Bras for Women Cross Back Padded Strappy Sports Bra Medium Support Yoga Sports Bras Black
B0BTV92SQP,XIOLKI Ricky Bobby Jumpsuit Set Talladega Nights Clothing suitable for Adults and Children
B081T3K8JS,Latuza Women's Short Sleeves Nightgown V-Neck Sleep Shirt with Pockets L TealB
B0BRMQBJR3,"Fumete 8 Pcs Silver Storage Bags Anti Tarnish Storage Bags 6"" x 6"" 9"" x 12"" 15"" x 15"" Zippered Silver Protector Bags for Silverware Jewelry Keeper Silverplate Flatware Resistant Tarnish"
B01GHKHDU6,Women's Off Shoulder Black Floral Vintage Dress Cocktail Dress Size 2 BP117-1
B072J7JBLW,Body Chain Zerowin Alloy Crystal-liked Long Bra Chain Swimsuit Bikini Belts for womens summer (gold)
B072WSLGFR,"JACKSHIBO Kids Mutifunctional Barefoot Quick-Dry Water Shoes Lightweight Aqua Socks For Swim Beach Pool Surf Yoga Exercise,A6 Pink, XS"
B09CP1RVP6,Time and Tru Dusty Rose Long Sleeve Scoop Neck T-Shirt - 2XL
B07HC14J8G,Mens Steampunk Retro Genuine Leather Replaceable Watch Military Japan Quartz Hip-hop Gothic Wide Bracelet Cuff Big Black Dial Sport Wrist Watches - 2 Pack
B07283V15T,Letter Love Sweet MAMA Bear Bar Necklace - Perfect Mother's Day gift Love Mom Silver Gold bar 3 Cubs set of three (Silver three bears)
B017K57G7M,Joe Foreman 12x14 mm Blue Turquoise Gemstone Beads Silver-plated Button Earrings (Pair)
B092ZD8Q69,"Kaxindeb Womens Bell-Bottom Jeans High Waisted Cute Bow Tie Stretchy Wide Leg Flare Pants (Z Black, X-Large)"
B014WNPUR8,Beydodo Stainless Steel Ring (Punk Bands) Charm Elegant CZ Ring Silver Size 8 For Men
B08F2N2WPC,Cuihur Women's Casual Summer Round Neck Short Sleeve Tunic Dress Plain Simple Swing Loose Fit T-Shirt Dress SkyBlue M
B07CB95B8T,MSBASIC Women's Summer Dresses Elegant Pleated Work Dress Navy Peony L
B01JTAKEES,"Argyle Culture Mens Diamond Pattern V-Neck Sweater, Black"
B089GY2FB4,Us Navy Corpsman Adjustable Earloop Face Anti Dust Mouth Mask with Filter and Nose Clip for Men & Women
B08TR84XVF,GRACE KARIN Girl's Cotton Ruffle Trim Sleeve Floral Print Casual A Line Loose Midi Dress
B081H6KZG7,Eigso Cousin Keychain Cousin by Chance Friends by Choice Friendship Jewelry Keychain Gift for Cousin Cousin Gifts Friends Gifts Friendship Gifts for Brother Friends Sister(Cousin by Chance KR)
B08B9QPRBG,Mens Active T-Shirt - Quick-Dry Athletic Workout Training Stretch V-Neck Short Sleeve Top 5 Pack
B075T7GX25,"ZNCMRR Women's Casual Loose Oversized Long Sleeve Open Front Cable Knit Sweaters Cardigan Coat Outwear with Pockets (L, Gray)"
B071GQQ18G,"GMYR Cat Eye Women Sunglasses Metal Frame Color Lenses 1904 (black, black)"
B0196HE9I6,Missmay Women's Vintage Retro Plaid Patchwork A-line Cocktail Party Dress Purple Red XX-Large
B071KBL1H6,"Classic Horn Rim Nerd Square Eyeglasses Spectacles Geek Clear Lens Rectangle Glasses (Black2132, Clear)"
B079NSFHX6,MOXY Socks Black with USA GOP Elephants Premium American Dress Crew Socks
B00I15GWB2,Homeland Tees Men's Ohio Home State T-Shirt Large Gray/White
B01M6D9X0Y,"Coofandy Men's Suit Vest Slim Fit Casual Skinny Dress Waistcoat, Black, Small"
B01INJ524S,Men's Stainless Steel Black PVD Plated Pokemon Pikachu Spinner Ring Size 10
B09FLDX164,"SUEANI Women's Waffle Knit Tunic Blouse Loose Tops Long Sleeve Round Notched Neck Pullover Shirts with Pocket(Large, Dark Green)"
B01M0UH7EP,"Tagoo Women’s Elastic Pants Leggings Tights Comfortable for Yoga/Running/Training/Workout/Gym/Outfit/Athletes (Medium, Black)"
B0924QV9HY,SweatyRocks Women's Casual Sleeveless Vest Halter Crop Top Cami Tank Tops Mustard Yellow M
B077Q2VCTV,"3 PCS Silicone Wedding Ring for Women Men Flexible Rubber Bands Athlete Ring Non-Toxic,3 Colors"
B083NJM5LR,Herimmy Family Matching Swimwear Two Pieces Bikini Set 2020 Newest Printed Ruffles Mommy and Me Swimsuit Navy Blue
B019ED4856,Carter's Girl French Terry Skirt; Grey; 18 Months
B06XBHS594,AELSON Women's Floral Chiffon Kimono Cardigan Blouse Beach Cover up
B00K6J5GSQ,Voglee Ew Anime Sexy Underwear Bra Set Cosplay Costume Bikini Set
B00S0DMZ4S,SportSpirit Hot Seller Solid Rubber & Stainless Steel ID Bracelet Bangle Belt Buckle Clasp Wristband
B00HVKDU1I,Peach Couture Chiffon Feel Aztec Skull Scarf Wrap Shawl with Slim Silk-feel Black Border Tan
B01I08K5BC,Maison De Marrakech White Moroccan Maxi Dress Beach Kaftan
B09MT2M2L3,"nutolyric Pajamas Set Long Sleeve Sleepwear Womens Button Down Nightwear Soft Pj Lounge Sets XS-L(S,Black)"
B01N2HTZYP,"Moto E (1st Gen) Case, Capsule-Case Slim Fit Snap-on (White) Hard Case for Motorola Moto E (1st Gen) XT830C XT1019 XT1021 XT1022 XT1023 - (Cherry Blossom Pink)"
B07NT4T7KF,Yobecho Womens Casual Off Shoulder Strapless Floral Print Pleated Mini Dresses Green
B075TD8XC5,VAENAIT BABY Boys Boxer Briefs 3-Pack Underwear Set Boxer Laser Robot S
B01KK66J0S,"Sundog Eyewear Stack Sunglasses with Trueblue Lenses, Matte Black"
B015S9AJOY,Pure Beauty Women Dresses Plus Size Casual Black Cutouts Cold Shoulder A Line Swing Dress
B07PQJF12C,"Chuangdi 6 Pairs Statement Drop Earrings Metal Geometric Earrings Square Dangle Earrings Raised Design Earrings, 6 Colors"
B0818QNRQL,Obacle Face Mask for Sun Dust Wind Protection Breathable Seamless Face Mask Headband Bandana for Men Women Thin Neck Gaiter for Motorcycle Fishing Hunting Outdoor (Pure Black Pink)
B0B96PXBCB,"FLYOW 925 Sterling Silver Good Luck Irish Jewelry Adjustable Celtic Trinity Knot Rings for Women, Size 7"
B07PHQCRQ7,Le Nepho V-Neck Crop Top for Women Short Sleeve Crop Shirts Surplice Wrap Tie Knot Tops Black XL
B01G84IW1A,CharmsStory Light Blue I Love You To The Moon And Back Charm Clear Wihte Crystal New Jewelry Sale Cheap Beads Fit Pandora Bracelet
B08K2LZ8WF,Anniversary Birthday Mom's Love Heart CZ Diamond Pendant Necklace by Kimloog
B07G2F269Q,Stainless Steel Watch Band Strap 22mm 20mm 18mm Metal Business Replacement Bracelet Strap Silver/Rose Gold/Gold CHIMAERA
B091TMYHTT,Menore Pajamas Set Long Sleeve Sleepwear Comfy Soft Ladies Button Down Women Pajama Nightwear Soft Pj Lounge 2 Piece Sets
B01JUVJFZU,DREAM PAIRS Men's Au-Loafer-01 Black Suede Sheepskin Fur Slippers Loafers Shoes Size 9.5 M US
B00GI25RRK,100% Silk Yellow Justice Bites Sharks & Legal Scales Lawyer Necktie Tie Neckwear
B075X4BY2V,"Enyce Boys Diamond Quilt Jacket, Charcoal, Size 14/16''"
B0799J9N5H,"Ladylala Womens Casual Round Neck Short Sleeve T-Shirt Button Trim Solid Color Blouse Tunic Top Pink, X-Large Pink"
B01LW2POPN,"COODO Toddler Kid's Sneakers Boys Girls Cute Casual Running Shoes (8 Toddler,Black White)"
B07XYD6MXD,Jessica Carlyle Toril-09 Duck Girls and Boys Lace Up Two Tone Combat Style Rain Duck Boots Navy 7
B07K1SG88Q,Hooked on Pickin' Denim USA American Flag Full Bling Rhinestone Cap Baseball Hat Womens Fashion Adjustable
B01J6MC2R6,Simply Southern Preppy Longsleeve Concord Shirt Always Have Hope - X-Large
B075GZB15V,"Baby Gear Single Holiday Sleeper, My First Halloween 0-3 Months"
B0872XDDX7,Avidlove Womens Racerback Nightgown Sleepwear Tank Dress Sleeveless Nightgowns Pink
B07VWJM737,No Show Socks Women 4-6 pairs Low Cut Cotton Casual Ankle Socks with Non Slip Flat Boat Line (4 Pairs grey sizes 9-12)
B07NF6N9JH,Mini Soccer Cleat KeyChain (Italy)
B08B8S9V99,TurvdArorde Active Wear Sets-Women's Workout Clothes Gym Wear Track Suits Yoga Jacket Pants Vest 4 Pieces Set Blue XL
B095Y3Y2SJ,Lace Affair Underwire Balcony Bra Blue Print/Chocolate Brown US 34F
B078NGCX15,LXFF Mens Soft Genuine Leather Long Bifold Wallet Business with boarding pass Black
B071RZFKJR,Professional Shoe Shine Cloth. Shoe Buffing Cloth. Natural Fabric. 2-Pack.
B01BZ0ELIU,12pcs Mickey and Minnie Inspired Headband Ears Birthday Party Favors
B08KRQ8H53,"Winter Chelsea Ankle Boots For Women - Casual Work Hiking Chelsea Boots Women, Black Slip On Chelsea Boots LHW3001-BLACK-7.5"
B01MS8TRZY,Gold Toe Mens 6PK Mid-Weight No Show Socks White 10-13
B00JAPU3LW,Armor of God Cap
B09MRVFSM4,wetkiss Chunky Heel Boots Black Platform Boots for Women Heeled Combat Boots High Heel Boots Women's Ankle Boots with Heel Black Booties for Women
B01GQML3PG,NINEXIS Women's Round Neck Short Sleeve Dolman Top with Front Pleats BLACK XL
B01656BMPY,"Miusol Women's Elegant Sleeveless Halter Black Lace Bridesmaid Maxi Dress (Small, Green)"
B01JOVOQVE,"Azbro Women's Strapless High Low Sequin Prom Evening Bridesmaid Long Maxi Dress, Orange XXXL"
B094X9QGCB,SweatyRocks Women's High Waist Straight Wide Leg Jeans Graphic Print Denim Pants Dark Blue S
B00TFSJPQS,Scarf Pad - Padding & Liner for Head Scarves Terry Cloth - Cream
B07X7TVRCN,"Women’s Leopard Print Lantern Long Sleeve Chunky Long Loose Knitted Pullover Sweater Dress(Army Green,S)"
B07SJJ7JD4,"PEPPERLONELY 200pc Antiqued Silver Alloy Heart Celtic Knot Charms Pendants 6.5 x6.1mm(2/8"" x 2/8"")"
B00PHRXEDG,"Under Armour Women's UA Rival Hoody, Carbon Heather LG (US 12-14)"
B085DJ5Z5K,"Reebok Men's Lightweight Workout Gym & Running Shorts w/Elastic Drawstring Waistband & Pockets - 9 Inch Inseam - Black/Stark White Mars Training, Large"
B01NAM69P3,INOX Pokemon Pokeball Necklace Pendant
B015MBTK6Q,"Stone Feather Men's Long Sleeve Full-Zip Hoodie Fleece Jacket for Winter Navy_Royal Blue Large, Large, 15781_Navy"
B00BG5WT3Y,Allegra K Lady Gold Tone Metal Interlock Buckle Khaki Elastic Waist Belt Band
B07QKW8SG4,Bodysuit Tops for Women Button Down Bodycon Romper Knitted Bottoming Shirt Jumpsuit
B09MFLYRLX,Seaehey Adult Monokuma Onesie Monomi Onesie Costume Anime Bear Pajamas Cosplay Jumpsuit
B06XWLW4GK,Glamaker Women's Sexy Clubwear Rhinestones Crop Top Backless Diamond Tank Sleeveless Silver
B083K4F2H7,H2H Mens Active Short Sleeve Polo Lightweight T-Shirts of Various Styles
B07K2ZVR58,"SIORO Womens Robe, Terry Cotton Bathrobe for Spa Shower Bath, Kimono Robe Sleepwear with Pockets Lilac L"
B000RAOEZA,925 Sterling Silver 3 Row Polished Ear Cuffs
B07S8KMCQW,icyzone Workout Tank Tops for Women - Running Muscle Tank Sport Exercise Gym Yoga Tops Athletic Shirts
B07GH7G6MH,Answer Racing A19 Syncron Drift Men's Off-Road Motorcycle Pants - Flo Orange/Charcoal / 42
B00A7215LY,"Silly Billyz Towel Bib, Purple, 3 mos - 3 yrs"
B07F821K6D,"LZH Baby Girls Birthday Dress Baptism Wedding Flower Dress(White,6M)"
B01D8HAZDS,Alaroo Floral Sakura Red OL Sweet Pleated Midi Skirt For Women High Waist
B06XH178DZ,Cambiar Women's Sexy Maid Lingerie Set Lace See-Through White Apron Costume Cosplay Outfit
B078HGGX7N,MICHAEL Michael Kors Large East/West Crossbody Optic White Multi One Size
B01JYE5ME6,"Cokle Polo Shirts, Men Solid Long Sleeve Lapel Casual Fit Tee Dark Blue XL"
B09T6BYXT6,TOBGB 2 Pairs Seven Song Lyrics Gift Girlfriend Gift Seven Album Inspired Socks for Fans Gifts (Moon and Saturn Socks)
B07PN9F5B7,"CHARTOU Womens Stretchy High Waist 5-Buttons Front A-Line Flowy Midi Skirts (Light Blue, X-Large)"
B07XTNXDGC,Falari 2 Pairs Wool Socks Excellent for Cold Weather Temp 5-25°F (2 pairs - Black/Grey)
B08Y8Z5Z1J,Sports Face Mask Athletic Workout Breathable Gym Exercise Running for Beards Men Women Runners Working Out Large Adjustable Strap Nose Wire Reusable Comfortable Glasses Wearers Navy Blue XL
B096855Z2T,Extra Large Brim of The Sun hat Women's Wide-Brimmed Sun Visor hat Foldable Bucket hat (Yellow)
B07JLN8BQH,Uniboutique Women's Plus Size Floral Swing Tunic Long Sleeve Loose Tops Shirt Floral-2 3XL
B015OBOMY4,Glamulet Art - Corners Cross Art Deco Black Charm -- Fits Pandora Bracelet
B01KMBXQUW,"Runmaner Coconut Men's Cycling Jersey Short Sleeve Road Bike Biking Shirt Bicycle Clothes - Breathable and Quick-Dry (Black, 2XL)"
B0171IPAY4,Big White Snowflake Sweater Kids Sweatshirt Snowman Long Sleeve T-Shirt 5T Red
B00AJX1LO2,Amscan Unisex Adult Mardi Gras Jester Crown Headband Green/purple/yellow One-size
B09T5ZXZX8,LILIE&WHITE Rabbit And Parrot Stud Earrings Easter Earrings For Women Cute Animal Earrings For Easter Holiday Jewelry Gift
B07FTF6XSN,FISACE Womens High Waist Half Sleeve Ruffle Midi Dresses with Pockets Black
B07P4M3819,Womens Short Sleeve Henley Button up T Shirt Casual V Neck Basic Cute Top Blouse Green
B01DEBXAJ4,New Custom Fit 14k Gold Plated Hip Hop Teeth Grillz Caps Top & Bottom Grill Set
B071XBFNV8,Rembrandt Charms Jeep Charm OR Pendant in Gold OR Silver (Sterling Silver)
B07DR95RXS,"The Good Tides Swimming Headbands for Men + Women. Goodbye Uncomfortable Swim caps, Hello Fully Adjustable Swim Headband with Velcro Closure and Waterproof. Ultra-Comfortable!"
B00372IVOU,14k Yellow Gold over Sterling Silver Vermeil Snake Foot Chain 10 Inch Anklet Ankle Bracelets
B0B8R3BVHF,Bozanly Women's Fashion Long Sleeve Button Down Wool Blend Plaid Shacket Jacket Dress with Belt
B077KG6M25,Pastel by Vivienne Honey Vanilla Girls' Trapeze Dress with 4Easy Removable Label Medium 7-8 Years Charcoal
B07GR6R93Z,COLORFUL BLING Shinning Multilayered Leather Pearl Clasp Wrap Bracelets Clasp Bangle for Women Girls - Beige
B07C4VGWFD,OUTOF Men's Compression Pants Baselayer Cool Dry Sports Tights Leggings Running Yoga Rashguard MPL5117R-2XL-WHS
B077P4KDWS,Urchics Women's Bell Sleeve High Low Bodycon Mermaid Party Midi Dress With Belt White XXL
B013KISWT4,G. Loomis Men's Wicking Beanie
B010DEFYS0,[GGT Tiger] Unisex High Top Sneakers Elastic ROUND Rubber Shoelaces_White
B01A5OH3CS,Canvaslove Blue Leopard Patten Canvas Laptop Shoulder Messenger Bag Case Sleeve Laptop Briefcase (15 Inch/15.6 Inch)
B07DQGJQB3,Bodycon4U Women's Tie Dye Spaghetti Strap Maxi Dress Loose Beach V Neck Sundress Gray
B005HJOEXS,"Nike Golf - Technical Colorblock Cap , 354062, Olive Khaki/White, No Size"
B07NWC911C,"Summer Shirt, Women's Henley V Neck Short Sleeve Loose Fitting Blouse Top Tee Wine Red,XL"
B06XCW1YTS,Spiral - CAMO-SKULL - 4pc Mens Gothic Pyjama Set - M
B00WW9OMWO,Bullko Men's Dress Casual Genuine Leather Belt Classic Buckle Size:34-36in Blue
B09NX3FZ8X,RIJING Women's Faux Leather Jacket Zip Up PU Moto Biker Jacket Casual Slim Short Coat Lightweight Pleather Outwear
B076WPGG1P,"Juvale 3-Pack Iron Shoe Horns - Portable Sized Metal Shoe Horn for Men and Women with Hanging Hole for Boots, Dress Shoes, Perfect for Travel, Black, 11.8 Inches"
B07P7GTN6M,"BRIGTLAIFF Sport Bands Compatible for Fitbit Versa, Silicone Accessories Strap Fitbit Versa Bands Water Resistant Fitness Replacement Wristbands Women Man Large Small, Multi-Colors, 4PACK Small"
B00PMA4BEY,Lafonn Round Stud Earrings (5.5 cttw) Platinum Plated
B01L3OBQE0,Decou Floral Printed Twist Pleated Hair Wrap Stretch Turban Green
B095NYQZ3D,"Front Closure Back Smoothing Bras Seamless Mesh Lace Bras for Women Post Surgery Sleep Leisure Full Coverage Wirefree Padded Support Lift Push Up Comfortable Bralettes Plus Size (376 Black, 2XL, xx_l)"
B019DMATJC,"Modeway Ladies Boat Neck Flowy Tea Length Shift Dresses for Women(L,Black) N1-3"
B073J9V7G8,"TSLA Yoga Pants Mid-Waist/High-Waist Tummy Control w Side/Hidden Pocket Series, Yogabasic Thick Contour(fyp42) - Aqua, Large (Size 10-12_Hip41-43 Inch)"
B074G2CSC3,"Ritastephens 14k Solid Gold Singapore Rope Chain Necklace 1 Mm (16, 18, 20, 22, 24 Inches) (Yellow or White or Rose Pink)"
B079GM7VJP,SheIn Women's Basic Plain Round Neck Short Sleeve Stretchy T-Shirts Small #Black
B071JS3T55,Sidefeel Women Cold Shoulder Short Sleeve Floral Print Mini Dress Small Green
B09TKP4GHR,"Sun Hat for Men/Women,Super Wide Brim Waterproof UPF 50+ UV Protection Bucket Hats for Hiking Camping Fishing Hat(Navy Blue)"
B09LLZZFLB,ALPHA CAMP Men's Long-Sleeve Hooded Full-Zip Fleece Jackets with Pockets Soft Polar Fleece Jacket
B00GBDE3C6,Chocolate Chip Cookie Novelty Dangling Dangle Drop Charm Earrings
B08PFYDC1J,CRZ YOGA Women's Long Sleeves Workout Shirts Quick Dry Running Clothes Mesh Back Athletic Yoga Tops Loose Fit
B079Q4JZHH,Lace Dangling Oval Photo Wedding Bouquet Charm with Guardian Angel
B01MTFNHZG,Dr. Martens Women's Maelly Fc Ankle Bootie
B074WJ5QY9,WinCraft USA One Nation One Team Soccer Banner Flag and Banner Flag
B076BBWP6L,"Meilun Womens Metal Detail Bandage Bodycon Dress Party Night Dress (L, White)"
B016742YOW,Converse Cuff Beanie - Black
B00XVHQK2Q,"LIVE Life with BALANCE, Power, Gratitude, Energy, Faith, Determination, Affirmation, Prosperity with Inspirational LOKAI Silicone Bracelet. BLUE & WHITE. Designed with Charm, Yin Yang, Blessing&Fashion Feel! FUN Couples & Friendship Gifts 4 Men&Women (White Medium)"
B017UXVPVC,SAND.SALT.SURF.SUN. Coral Octopus Men's UPF 50+ UV Sun Protection Performance Long Sleeve T-Shirt
B07FMFKMX4,Carter's Toddler Boys 4 Pc Pajama PJs Sleep Play Sleep Snug fit Cotton Police Car (12)
B00W5K5GRK,LISWIC Women's Level 3 High Impact Zip Front Sports Bra S-Blue(Armband as Gift)
B01M3T35WU,"Cute Infant Baby Boy Quick Dry Sun Hat 50 UPF, Adjustable, Stay-on Tie (S: 0-6m, Blue)"
B06Y5FH4ZN,"Speerise Toddler Girls Long Sleeve Ballet Dance Leotard for Kids and Teens, Black, 10-12"
B01HE180YU,Gymnastic Leotard Sparkle Majestic leotard for girls by Look-It Activewear (Child X-Large (size 12-14)
B002NWBPDE,BERRICLE Yellow Gold Flashed Sterling Silver Round Cut Cubic Zirconia CZ Solitaire Stud Earrings
B019MIK43S,Bubblegum Divas Big Girls 8th Birthday Rainbow Princess Butterfly Tutu Oufit 9-10
B07GSL51K6,"FZ-Carpio-77 Women's Fashion Lace Up Side Zipper Chunky Heel Keen High Boot Shoes (8 B(M) US, Brown)"
B078JKDZ9F,GIKING Women Ruffle Pants Full Length Split High Waist Retro Maxi Long Skirt Black M
B08LVDMVCT,Black Cat Shirt Funny Womens Ew People Meowy Cat Lovers T-Shirt Long Sleeve V Neck Gradient Shirts with Side Split
B07GVG5QBZ,Tu Me Manques Womens Solid Hooded Zipper Hoodies Long Sleeve Cashmere Sweater Shirt(dark gray 1L)
B07MXF7GGN,MIXIN Bootie Slippers for Toddler Boys - Warm Plush House Shoes Indoor Boots with Memory Foam Sole 6 Grey
B07YBG8JCW,Goodthreads Women's Heritage Fleece Basic Jogger Pant
B07V23XQG3,"Megadream Foldable Mobile Phone Holder Cellphone Clamp Smartphone Clip Compatible with Microsoft Xbox One/Xbox One S/Xbox One X, SteelSeries Stratus XL/Nimbus, Steam Controllers, with Analog Stick Cap"
B06X92ZFY7,"SUNNOW Womens Summer Sleeveless Lace Top Short Skater Pleated Dress Party Mini Dress (XL, Wine Red)"
B01M6WB2US,BMS Women's Wool Cashmere Blend V-Neck Pullovers Long Sleeve Knitted Sweaters Black XXL
B00C0SYZXI,JEWELRIESHOP Unisex Synthetic Stones Healing Power Crystal Elastic Stretch 6mm Bead Bracelet Bangle
B00UEQRLKM,Laypoo Women's Chiffon Slim Sweet Ruffle Round Neck Tops Short Sleeve Blouse
B005AGMOUI,"THE NORTH FACE Women's Base Camp Wedge Flip Flop,Juicy Red/Black,9 M US"
B00UCPMNOO,Chicago Bears Men's Deuce Crew Socks
B09DNXX1CB,Genhoo Buisness Outift Women Business Attire for Women Suit Jacket Nude XL
B08L5JXQNY,Gioberti Boys Track Jogger Athletic Pants - with Zip Bottom
B07PPWDFX7,"Gabby Skye Women's Sleeveless Round Neck Printed ITY Hanky Dress Dress, Black/Mango Multi, 10"
B07CRT7B93,Tee Luv Men's Faded Boss 302 Ford Mustang Shirt
B01E8RSD04,Chickarl Mary Jane Dress Ballet Floral Strap Flats Slip On Ballerina Synthetic Patent Leather Shoes Black-12
B083TTY37Y,Large Shoulder Bag for Women Faux Leather Purse Handbags
B07JN5TBZ7,Glaray Light Up Necktie Novelty Luminous Tie Adjustable EL Wire Glowing Neckwear (Red)
B01N4J5IY5,Meaneor Women's Peacoat Double Breasted Overcoat Long Sleeve Jacket Black
B074YGH1D2,Drizzte 63'' Plus Size Military Duty Web Nylon Belt POM Buckle Khaki
B013FIPB7K,DAYAN Unisex Roma Dial Round Table Teak Wood Grain Strap Quartz Analog Wrist Watch 06
B07WFS1G4T,iClosam Women's Knit Cardigan Open Front Cardigan Sweater Outwear Blazer Coat Brown Grey
B07SG6WHY8,Zephyr Adult All-American Relaxed Adjustable Hat (San Diego State Aztecs - Black)
B08F9R873J,OMZ-Compatible with Fenix 5X Band. 26mm Width Soft Silicone Watch Bands Easy to Fit. Replacement for Fenix 5X/Fenix 5X Plus/Fenix 6X/Fenix 6X Pro/Fenix 3/3HR/MK1/D2 Smartwatches--White
B0711H9YY6,Sidefeel Women Floral Print Sleeveless Babydoll Tank Top with Lace Trim XX-Large Pink
B07H3PZY1R,OAKZIP Women Extra Long Tube Indian Turban Fashion Headwear Scarf Hijab (Gold)
B07B5FW5LT,"Alexander Del Rossa Womens Hooded Flannel Robe with Zipper, Lightweight Cotton House Coat, 3X Red Green Blue Even Plaid (A0492V693X)"
B073VLPBNJ,i-Summer Men's Carrier Cargo Short Wine Red 36
B0862B34NV,Unisex Adjustable Retro Cowboy Hat Classic Baseball Cap Deep Heather
B074ZMCL3C,"ELESOL Bohemian Tunic Dress, Boho Floral Print Summer Beach Dress for Women Blue S"
B07XM9GQYB,Lucky Brand Women's 7WD10957 Sienna Slim Boyfriend Elsie Dark Blue Wash (US: 27W)
B08JPVSCXH,BETTE BOUTIK Womens Tunic Tops Long Sleeve Plug Size Blouse Waffle Knit Loose Casual V Neck Striped Shirts PWLG Large
B089VZYCR7,"Women Wife Mom Boss T Shirt Women Funny Short Sleeve Top (XX-Large, Black)"
B07YD91L9G,WOHR High Gloss Blinking-Cheshire Cat Smile Face Auto Tag Sign Car Tag Decor Metal License Plates for Front of Car/Truck (Blinking-Cheshire Cat Smile Face)
B07VCJZ3WY,JOYID Lava Rock 7 Chakra Healing Bracelet Magnetic Clasp Leather Natural Stone Tiger Eye Hematite Bracelets for Men Boys-7 Chakra
B07CM3SYR7,LEANI Women's V Neck Ruffle Adjustable Strappy Summer Beach Long Maxi Dress Pink
B078Z2C45K,"Tilos Sport Skin Socks for Adults and Kids, Protect Against Hot Sand & Sunburn for Water Sports & Beach Activities"
B07S2SMSWJ,"Chain Necklace and Heart Padlock Day Collar I (Medium, Silver Chalice)"
B01GUOI75O,Charberry Boho Sexy Women Sleeveless Party Summer Beach Short Mini Casual Dress (L)
B08742RLXT,"Toddler Baby Girl Infant Comfy Cotton Linen Lace Princess Overall Dress Sundress (M-1 White, 4-5T)"
B0170E1I5E,Personalized Irish Shirt Your Name & Date Pub T-Shirt - LG Green
B01M29SCO4,Bluish Gray Striped Engineer Cropped Vest from Sourpuss Clothing
B0816LJRPV,HUUSA Sexy Prom Cocktail Sequin Dresses Party for Womens Formal Wedding Evening Gowns Metallic Elegant Dress Medium Dark Purple
B01FE1MGYM,Elain & J Luxury Boutique Full Length Maxi Skirt With Fold Over Waist Large Striped White Black
B06XTCVZPW,Au-TOMOTIVE Gold Compatible Keychain and Keyring for Scion xB [KC3075.SXB.RED] - Red Wave
B00PF4GV36,"Alex and Ani Lamp of Light Charm Bangle Bracelet Rafaelian Gold Finish, CBD13AWRG"
B08XXDH4PG,Lu's Chic Women's Short Sleeve Nightgown Cotton Sleepwear Cute Nighty Soft Mid Thigh Length Cartoon Medium
B00JB4TFDY,Youyoupifa Hollow Skull Heads Bronze Alloy Keychain Quartz watches(Unisex)
B081JF9PY2,Shoeslocker Women’s Fashion Heel Ankle Booties Black Size 7
B07GBDRPJT,"Tropic Bliss Women's Wide Leg Organic Cotton Palazzo Pants in Khaki, XXL"
B00DL349YG,"Fruit of the Loom- Seamless Wirefree Convertible Bra, Style FT311"
B000OG8FTS,Delsey Helium Fusion 15 Personal Bag - Red
B09BMV4W16,"SHERRYRISE Woman's Batwing Long Sleeve Kimono Cardigan Waffle Knit Loose Sweater Coat with Pockets, Army Green, L"
B09YLHB462,Avanova Women's Sun Graphic Letter Print Oversized Tee Short Sleeve Casual Loose T Shirt B Pink Medium
B00E3RD0GC,YAZILIND Gothic Lolita Sexy Lace Flower Cute Beads Pendant Necklace Choker Necklace 12in
B074J52PR7,EVERWORTH mens Running Shorts
B07T9NV78C,KORSIS Women Long Sleeve Tops T-Shirt Dress Round Neck Casual Loose Dress WineRed S
B01MU88J7R,Hilor Women's Retro Pin UP Ruched Halter Floral Tankini Set Swimsuit Purple Flower 16
B07B7PHKD9,"August Hat Orchid Feather Accented Adjustable Cloche Hat (White, One Size)"
B00KU3IN5G,COCOSHIP Light Blue Vintage High Waisted Bikini Engraving Swimsuits Swimwear XL(FBA)
B08YK14HCK,Briggs Womens Solid Total Comfort Capris 10 Black
B07BLQZC1Z,Seni Jewelry Silver Multilayer Bar Pendant Necklace Boho Stick Teardrop Bar Choker Necklace Triple Minimalist Y Necklace Women
B01MQCR8TB,Large Royal Blue Adult Chicago World Champs 2016 Sweatshirt Hoodie
B08P73RDP1,"MEROKEETY Women's Comfy Wide Leg Yoga Pants Drawstring Waist Palazzo Lounge Sweatpants, Black, XXL"
B01JUJO6EM,"OutTop Holloween Pattern Pillowcase Cotton Linen Square Decorative Throw Pillow Case Cushion Cover, 18""x 18"" (Style A)"
B08863T7V5,KLL Unisex Removable Protective Hat Face Shield Anti Fog Dustproof Cap (Pink)
B094D6BLRR,Verdusa Women's Boat Neck Batwing Sleeve Caftan Baggy Harem Oversized Maxi Dress Black White M
B073WQJJMG,"Off the Shoulder Bikini Top Women's Cover Up Beach Cover Ups Swimsuit Cover Up,Black,Normal"
B07NF6J3WK,"Gaiam Women's Strappy Wireless Sports Bra - Medium Impact Racerback Workout & Yoga Bralette - Grey Heather, Large"
B07XBBPXCT,"SERHOM Yoga Leggings, High Waist Tummy Control Workout Women Yoga Pants with Pockets L"
B07H7FGVZ4,Tatuo 4 Pairs Womens Halloween Spider Charm Ear Stud Earrings Jewelry for Halloween Themed Party Supplies (2 Pairs White and 2 Pairs Black)
B073J52MCY,Women's Chiffon Elbow Sleeve Scoop Neck Pleated Blouse Tops
B07MKFNH36,"Digirlsor Toddler Kids Boys Two Piece Swimsuit Cartoon Hoodie Rash Guard Sun Protection Swimwear Bathing Suit,2-3Y, Blue+grey, 1-2 years/ TagM"
B00DOIECK4,"Wrapables Yasmine Petals Statement Necklace Bib Necklace, Dark Blue"
B07L2VC8N8,"Winter Balaclava Fleece Hood Windproof Mask Adjustable Face Head Warmer for Outdoor Sports Cycling, Skiing, Motorcycle (Orange)"
B07TCMQS2J,"NotoCity for Samsung Galaxy Fit Band, Soft Silicone Strap Sport Replacement Band for Samsung Galaxy Fit SM-R370 Fitness Smartwatch, not Compatible with Galaxy Fit E(White)"
B0796SW6X8,"Gorra Adulto FC. Barcelona Player Messi-18 – Producto con Licencia – 100% Acrilico – Talla Adulto L/XL Ajustable Red, Navy Blue"
B083FV6KFP,MUADRESS 1960 Women's Retro 1950s Cap Sleeve Vintage Rockabilly Prom Swing Dresses GreenWhiteDotB Large
B01MQSL815,ACEVOG Women's Bow Turtleneck 3 4 Sleeve Solid Bodycon Evening Party Sweater Dress
B00KFRR6P0,Vintage designer Half Frame Rimless Glass Green Lens
B01C3A2C5K,Colored Organics Boys' Harlow Organic Slub Toddler V-Neck Tee Long Sleeve 3T Blue
B0932CQ7FN,"YIXUAN Women's Casual Dress for Women with Short Sleeve Cotton V Neck Fall Dress A-Line Dress with Pockets(YX168-Purple,S)"
B0153O5IFY,Come Together California CTC WT932 Womens Round Neck Short Sleeve Asymmetrical Hem Tunic Tee L Black
B0BVMLJTFS,Aoxjox Women's High Waist Workout Gym Vital Seamless Leggings Yoga Pants
B01G5YSV9G,Nike Kids Shox Current (GS) Running Shoes-Wolf Grey/Hyper Pink-6
B07NVH8V6R,"BUBBLELIME 29""/31""/33""/35"" 4 Styles Women's Bootcut Yoga Pants Tummy Control - Back Pockets_Black XL_33"" Inseam"
B099MVFXSM,SheIn Women's 2 Piece Outfit Notched Neck 3/4 Sleeve Blazer and Wide Leg Belted Pants Set Light Green Large
B089NQZD2F,PIZZ ANNU Women's Casual V Neck Striped Short Sleeve Button Down Blouses Tunic Tops Blue
B06XS8S3JW,YING LAN Girl Round-Toe Sparkle Bowknot Ballet Ballerina Flat Princess Wedding Shoes Mary Janes Red
B07G1F66BK,ANDUUNI Womens 3 4 Sleeve Floral Printed Casual Swing T-Shirt Dresses Round Neck Print Tunic Midi Dress with Pockets Peacock Blue
B072Q1XHWX,"Ferand Women's Asymmetrical Comfy Long Sleeve Tunic Top, Oversized Style (XL - 4XL), XL"
B071HKZLQY,DESMIIT Men's Pockets Short Swim Trunks Beach Shorts with Mesh Lining Dark Blue US L_Asia Tag XXL
B08B8HY3BD,Harlermoon Face Scarf Mask Printed Scarf Cool Lightweight Summer Protection Fashion Scarf Bandana Face Protective for Outdoor (6PCS-2)
B06XX2XT2F,5A# Women's Full Length Brushed Cotton Flannel Plaid Nightgown WF02 Fuchsia/Black 1X
B07PNTZTPF,"2PCS Night Driving Glasses, Polarized Wrap Around Prescription Eyewear XGlasses, Additional clip-on sunglasses, XGLASSES neutral polarized rimless rectangular lens（BlUE+ yellow)"
B07RX9Q9FF,12 Pieces Wave Bracelets Beach Bohemian Braided Bracelet Set Wax Coated Braided Rope Bracelet for Women Girls
B01CHQM1Q0,Avidlove Men Robes Long Satin Bathrobe Lightweight Sleepwear Navy Blue M
B085DBWWV3,Dearlove Chic Anchor Print High Neck Tankini Tops Ruched Tummy Control Swimsuit with Short Strappy Swimwear Blue Large
B0872N2V96,Ohio State Gray Seamless Neck Gaiter Rave Protective Scarf Face Mask Bandana Balaclava Breathable Outdoor Wind UV Dustproof Motorcycle Cycling Festival
B003675QVW,[2 Pack] Headphones/Earphones/Earbuds 3.5mm in-Ear Headphones with Mic and Remote Control for S8 S7 S6 S5 S4 Edge + Note 4 5 6 7 8 and More Android Devices(White)
B00WGU7ASW,"Mooniva Men's Leather Ratchet Belt Moxiguo Collection Large (36"" to 38"") Black"
B085P3XFN1,"adidas Boys Active Muscle Tee Sport Logo Tank (Red/White/Black, Large (14/16))"
B09B8WNZ7B,Ekouaer Women Plaid Lounge Pants Soft Pajama Pants with Pockets Christmas Drawstring Thin fleece Pj Pants Bottoms
B071677YP9,"ChubbyChicoCharms You're Braver Than You Believe Expandable Wire Bangle, 2.5"""
B01N5MSB3C,Escada Designer Sunglasses SES036-700 in Black 58mm
B07PBZ7MMB,Bulova 98A218 Two Tone White Chrono Dial Black Leather Band Classic Mens Watch
B084616D48,"Ironwear 1271-O Booney Hat with Adjustable Neck Strap, LG/XL, Blaze Orange"
B01EWWHOUU,Unisex Running Swimming Beach Light Aqua Outdoor Water Shoes XL Blue Fire
B06XG43SN1,That's Us Women's Body Jewelry Surgical Steel Clip on Non-pierced Hoops Fake Nose Lip Ear Rings Piercing Body Jewelry Piercing 2pcs Black
B00OS37H8S,DC Comics Batman Panty Set 3-Pack with Lace Trim (Large)
B01M8JOB3X,GWD Men's Fashion Necktie Tie Clips Bar Silver Initial Letter A-Z (M)
B081QP396D,"Under Armour Mens Big Logo Graphic Hoodie (Large, Academy)"
B078YD2L9Z,Pierced Owl Blue Opal Glitter Front Acrylic Screw-Fit Stash Plugs - Sold as a Pair (8mm (0GA))
B07C89Y5BC,Women Bridesmaid Dress Maxi Evening Prom Dresses Plus Size 24 Purple CL675-3
B08HH2RF2H,"MARE AZZURO Cat Eye Sunglasses Readers Women Sun Reading Glasses 0.5 0.75 1.0 1.25 1.5 1.75 2.0 2.25 2.5 2.75 3.0 3.25 3.5 3.75 4.0 (Black, 2.50)"
B01HV3GRUU,"Ritche Quick Release Silicone Watch Bands 22mm Rubber Straps for Pebble 2,Pebble Time,Samsung Gear S3 Classic Frontier"
B01LY9FNV8,Ritastephens 14k Yellow or White Gold Wave Cubic Zirconia Ear Climber Crawler Earrings
B07MNRQG9V,Behkiuoda Women Flat Sandals Low Heel Anti Skidding Beach Shoes Cross Strap Peep Toe Sandals
B074QM3ZP6,"Quick Release Silicone Replacement Watch Band Soft Rubber Watch Straps with Stainless Metal Clasp Choice of Color & Width (20mm, Red Stitch/Black)"
B01A08RPC2,"G2 Chic Women's Paradise Printed Patterned Holiday Casual Floral Dress(DRS-MAX,PPLA9-M)"
B0189R2M74,Animewild The Nightmare Before Christmas 950 Reflect Vize Snapback Baseball Cap
B06XTX3FG7,"PajamaGram Classic Snowfall Plaid Cotton Flannel Nightgown, Blue, Big Girls' 8"
B076P5K4LZ,GEMSME 18K Rose Gold Filled Created Opal 8mm Round Stud Earrings(8mm) (Rose)
B01JA6BBUC,AeraVida .925 Sterling Silver Egyptian Symbol Eye of Horus Protection Necklace
B09JCK4PHZ,"Judy Blue Destroyed Buffalo Plaid Patch Skinny Jeans! Yes, Buffalo Plaid! (11) Blue"
B074QJTXR2,"REPHYLLIS Women's Vintage Casual Flare Floral Sleeveless Party Mini Dress (S, Black)"
B06X1BBW6H,"Bzees by Naturalizer Fancy Zip Shoes, Navy, 10 Medium"
B06XXWH7RR,RAISEVERN Men's Ugly Christmas Button Down Xmas Holiday Party Collar Shirt Slim Fit Shirts Casual Long Sleeve Dress Shirt Yellow Red
B01IL3N2A2,Browning Buck 2000 Hunting Daypack
B0B9SBV25M,"Ytulhtp Stanford University Washed Denim Baseball Cap Adjustable Unisex,Baseball Caps Personalized Denim Hat."
B075CK1F37,Shele Womens Long Sleeve Lambswool Knit Hooded Cardigan Sweater
B07CRMJ7J5,"JIUMAN Womens Summer Casual Sleeveless Long Dress Floral Party Dress (Blue, S)"
B01KGFM6KU,Classic Aviator Sunglasses Smoked Lens for Men and Women - 2 Pack - By Dragon Too
B0923182NM,ChainJoy Womens Bohemian Floral Tiered Midi Skirt High Waist Elastic Waistband Irregular Ruffle Hem A-Line Maxi Chiffon Swing Skirts Red X-Large
B084ZH8MN2,"Serene Bohemian Women's Loose Casual Blouse Top with Front Flower Embroidery Yoke Panels (Dark Mustard, XL)"
B08GWSVKT9,"URU Shield 20mm Sport Replacement Bands,Women Men Elastic Replacement Watch Bands Compatible with Samsung Galaxy Watch Active/Active 2 40mm/Galaxy Watch 42mm"
B075874B5Q,"LAPASA Men's 100% Merino Wool Thermal Underwear Long, No Color, Size No Size"
B07H395RSL,"EAG 3 Pack Fold Over Waistband Stretchy Cotton Active wear Yoga Pants (Large, Black/Navy/H.Grey)"
B081W5NRCV,"Mis-fi-ts Red Large Christmas Stockings Fireplace Socks Bag For Family Holiday Decorations 18"""
B08PL6KB4M,"MDBC Cooking Apron with Pockets Kitchen Chef Aprons Funny for BBQ Grill Waterproof Adjustable Towel Loop Tool Pockets and Headphones Loop,DIY Pianting Aprons, Gifts for Him"
B07FCVYLMC,Black Elastic Waist Belt for Ladies Size M BP768-1
B0728KYCKV,luvamia Women's Floral Lace Strap Triangle Top Cheeky Bottom Bikini Set Swimsuit US 6 Black
B00FPBHOXA,NEW Monastic Made Wool Prayer Bracelet with Cross Bracelet Streches to FIT ALL Sizes
B00P9OYJW2,Men's Italian Cashmere Blend Super Soft Socks - Black
B00LOYOPB6,"Vintage Style Distressed Genuine Leather Casual Jeans Belt 1-1/2"" Wide (Brown, Large)"
B07TFTCY51,Bifriend 3 Pieces Silver Adjustable Knuckle Ring Open Toe Rings Various Types Knuckle Ring Set for Women and Girl (1)
B07SNRS8XD,Women Adhesive Strapless Breast Lift Nipplecovers Sticky Invisible Backless Bra
B00EOCMX5U,Converse Chuck Taylor All Star Easy Slip (Little Kid/Big Kid) Black 4 Big Kid M
B07Y4S6WXX,Fancyqube Women's Casual Pleated Shirt Dresses Long Sleeve Christmas Sloth Print Swing Dress with Pockets Black_Christmas Sloth L
